id,projectId,project,title,status,isCompleted,overdue,dueDate,createdAt,completedAt
219,2,Хозяйственная деятельность 2026-27,Просчитать материалы для освещения на заезде к Лесная 20,Не начато,False,0,,2026-09-28T09:00:42Z,
218,2,Хозяйственная деятельность 2026-27,Проверить состояние кюветов,Не начато,False,0,,2026-09-28T09:00:04Z,
217,2,Хозяйственная деятельность 2026-27,Проверить состояние кустарников и посадок на зиму,Не начато,False,0,,2026-09-28T08:59:54Z,
216,2,Хозяйственная деятельность 2026-27,Забрать столбы с Полевой 29,Не начато,False,0,,2026-09-28T08:59:37Z,
215,2,Хозяйственная деятельность 2026-27,Заменить прожектор возле Лесная 2,Не начато,False,0,,2026-09-28T08:59:23Z,
214,2,Хозяйственная деятельность 2026-27,Видеонаблюдение,Не начато,False,0,,2026-09-28T08:47:08Z,
213,2,Хозяйственная деятельность 2026-27,Заказать еще один WiFi мост,Выполнено,True,0,,2026-09-26T10:47:28Z,2026-09-28T08:45:39Z
212,2,Хозяйственная деятельность 2026-27,Переводы в резервный фонд,Не начато,False,0,,2026-09-23T13:47:59Z,
211,2,Хозяйственная деятельность 2026-27,"Просчитать обязательные платежи до конца периода, оплатить что возможно",Выполнено,True,0,,2026-09-23T13:47:47Z,2026-09-26T10:48:19Z
210,2,Хозяйственная деятельность 2026-27,Просчитать баланс по долгам Мамай с учетом оплат,Выполнено,True,0,,2026-09-23T13:47:17Z,2026-09-24T02:02:59Z
209,2,Хозяйственная деятельность 2026-27,Оплатить Потаповой юр услуги,Выполнено,True,0,,2026-09-23T13:46:50Z,2026-09-23T13:46:52Z
208,2,Хозяйственная деятельность 2026-27,"Собрать все доки по долгам Мамай, сформировать пакет",Выполнено,True,0,,2026-09-23T13:46:37Z,2026-09-24T01:46:46Z
207,2,Хозяйственная деятельность 2026-27,Заменить камеру на втором въезде,Выполнено,True,0,,2026-09-21T08:10:17Z,2026-09-28T08:47:32Z
206,2,Хозяйственная деятельность 2026-27,Устранить проблемы с сетью на камере Полевой,Выполнено,True,0,,2026-09-21T08:10:04Z,2026-09-26T10:47:36Z
205,2,Хозяйственная деятельность 2026-27,Узнать у Черноморца по чистке снега,Выполнено,True,0,,2026-09-20T13:08:31Z,2026-09-21T04:50:44Z
204,2,Хозяйственная деятельность 2026-27,Обследование электроустановок,Выполнено,True,6,,2026-09-07T06:45:38Z,2026-09-17T04:47:48Z
203,2,Хозяйственная деятельность 2026-27,Ревизия колодцев и скважин на зимний период,Просрочено,False,17,2026-09-29,2026-09-06T11:29:38Z,
202,2,Хозяйственная деятельность 2026-27,Вбить стойки,Не начато,False,0,,2026-09-06T11:07:38Z,
201,2,Хозяйственная деятельность 2026-27,Нарастить кабеля,Не начато,False,0,,2026-09-06T11:07:30Z,
200,2,Хозяйственная деятельность 2026-27,Запитать от щита Полины,Не начато,False,0,,2026-09-06T11:05:05Z,
144,4,Участие в отборе на грант,Собрать пакт документов на отчеты,Выполнено,True,0,,2026-08-16T11:46:36Z,2026-08-17T01:48:38Z
141,4,Участие в отборе на грант,Квартальный отчет,Выполнено,True,0,,2026-07-30T05:05:37Z,2026-09-22T08:13:34Z
136,4,Участие в отборе на грант,Поступление средств,Выполнено,True,0,2026-08-03,2026-07-20T05:11:51Z,2026-07-27T05:41:15Z
51,4,Участие в отборе на грант,Заключение соглашений,Выполнено,True,0,2026-08-13,2026-05-13T06:32:49Z,2026-07-17T00:53:19Z
50,4,Участие в отборе на грант,Объявление победителей,Выполнено,True,0,2026-08-06,2026-05-13T06:32:41Z,2026-07-17T00:53:17Z
49,4,Участие в отборе на грант,Рассмотрение заявок,Выполнено,True,0,2026-07-30,2026-05-13T06:32:28Z,2026-07-18T07:39:19Z
48,4,Участие в отборе на грант,Подача заявки,Выполнено,True,0,2026-05-04,2026-05-13T06:32:17Z,2026-05-13T06:35:54Z
