title,status,project,due_date,completed,overdue
Разработка веб-панели с коннекторами,Не указан,Без проекта,,Нет,Нет
Разобраться почему не работает камера на Полевой,Не указан,Без проекта,,Нет,Нет
Просчитать материалы для освещения на заезде к Лесная 20,Не указан,Без проекта,,Нет,Нет
Проверить состояние кюветов,Не указан,Без проекта,,Нет,Нет
Проверить состояние кустарников и посадок на зиму,Не указан,Без проекта,,Нет,Нет
Забрать столбы с Полевой 29,Не указан,Без проекта,,Нет,Нет
Заменить прожектор возле Лесная 2,Не указан,Без проекта,,Нет,Нет
Видеонаблюдение,Не указан,Без проекта,,Нет,Нет
Заказать еще один WiFi мост,Не указан,Без проекта,,Нет,Нет
Переводы в резервный фонд,Не указан,Без проекта,,Нет,Нет
"Просчитать обязательные платежи до конца периода, оплатить что возможно",Не указан,Без проекта,,Нет,Нет
Просчитать баланс по долгам Мамай с учетом оплат,Не указан,Без проекта,,Нет,Нет
Оплатить Потаповой юр услуги,Не указан,Без проекта,,Нет,Нет
"Собрать все доки по долгам Мамай, сформировать пакет",Не указан,Без проекта,,Нет,Нет
Заменить камеру на втором въезде,Не указан,Без проекта,,Нет,Нет
Устранить проблемы с сетью на камере Полевой,Не указан,Без проекта,,Нет,Нет
Узнать у Черноморца по чистке снега,Не указан,Без проекта,,Нет,Нет
Обследование электроустановок,Не указан,Без проекта,,Нет,Нет
Ревизия колодцев и скважин на зимний период,Не указан,Без проекта,2026-09-30,Нет,Нет
Вбить стойки,Не указан,Без проекта,,Нет,Нет
